{
  "cnn_lstm": {
    "accuracy": 0.8182778658214475,
    "precision": 0.4677777777777778,
    "recall": 0.3194233687405159,
    "f1": 0.37962128043282234,
    "pr_auc": 0.30545213343238875,
    "roc_auc": 0.6205895904921306,
    "cm": [
      [
        5775,
        479
      ],
      [
        897,
        421
      ]
    ]
  },
  "isolation_forest": {
    "accuracy": 0.7987321711568938,
    "precision": 0.4170692431561997,
    "recall": 0.3930197268588771,
    "f1": 0.4046875,
    "pr_auc": 0.3361168258770022,
    "roc_auc": 0.6550888463249985,
    "cm": [
      [
        5530,
        724
      ],
      [
        800,
        518
      ]
    ]
  },
  "ensemble": {
    "accuracy": 0.8188061278394083,
    "precision": 0.47,
    "recall": 0.3209408194233687,
    "f1": 0.3814247069431921,
    "pr_auc": 0.30825583844126453,
    "roc_auc": 0.6245994672665943,
    "cm": [
      [
        5777,
        477
      ],
      [
        895,
        423
      ]
    ]
  }
}